{
  "SUMA": [
    {
      "id": 1,
      "Indicator": "Delivering Value",
      "Red": 0,
      "Yellow": 4,
      "Green": 6,
      "Trend": "up"
    },
    {
      "id": 2,
      "Indicator": "Easy To Release",
      "Red": 0,
      "Yellow": 4,
      "Green": 6,
      "Trend": "-"
    },
    {
      "id": 3,
      "Indicator": "Fun",
      "Red": 0,
      "Yellow": 0,
      "Green": 10,
      "Trend": "up"
    },
    {
      "id": 4,
      "Indicator": "Health of Codebase",
      "Red": 2,
      "Yellow": 5,
      "Green": 3,
      "Trend": "up"
    },
    {
      "id": 5,
      "Indicator": "Learning",
      "Red": 0,
      "Yellow": 0,
      "Green": 10,
      "Trend": "up"
    },
    {
      "id": 6,
      "Indicator": "Mission",
      "Red": 0,
      "Yellow": 1,
      "Green": 9,
      "Trend": "down"
    },
    {
      "id": 7,
      "Indicator": "Pawns or Players",
      "Red": 0,
      "Yellow": 1,
      "Green": 9,
      "Trend": "-"
    },
    {
      "id": 8,
      "Indicator": "Speed",
      "Red": 0,
      "Yellow": 5,
      "Green": 5,
      "Trend": "-"
    },
    {
      "id": 9,
      "Indicator": "Suitable Process",
      "Red": 0,
      "Yellow": 1,
      "Green": 9,
      "Trend": "-"
    },
    {
      "id": 10,
      "Indicator": "Support",
      "Red": 0,
      "Yellow": 4,
      "Green": 6,
      "Trend": "-"
    },
    {
      "id": 11,
      "Indicator": "Teamwork",
      "Red": 0,
      "Yellow": 1,
      "Green": 9,
      "Trend": "up"
    }
  ],
  "SCC": [
    {
      "id": 12,
      "Indicator": "Delivering Value",
      "Red": 0,
      "Yellow": 7,
      "Green": 2,
      "Trend": "up"
    },
    {
      "id": 13,
      "Indicator": "Easy To Release",
      "Red": 0,
      "Yellow": 5,
      "Green": 3,
      "Trend": "-"
    },
    {
      "id": 14,
      "Indicator": "Fun",
      "Red": 1,
      "Yellow": 1,
      "Green": 7,
      "Trend": "up"
    },
    {
      "id": 15,
      "Indicator": "Health of Codebase",
      "Red": 2,
      "Yellow": 5,
      "Green": 1,
      "Trend": "up"
    },
    {
      "id": 16,
      "Indicator": "Learning",
      "Red": 2,
      "Yellow": 2,
      "Green": 4,
      "Trend": "up"
    },
    {
      "id": 17,
      "Indicator": "Mission",
      "Red": 0,
      "Yellow": 7,
      "Green": 0,
      "Trend": "-"
    },
    {
      "id": 18,
      "Indicator": "Pawns or Players",
      "Red": 3,
      "Yellow": 4,
      "Green": 2,
      "Trend": "-"
    },
    {
      "id": 19,
      "Indicator": "Speed",
      "Red": 1,
      "Yellow": 8,
      "Green": 0,
      "Trend": "-"
    },
    {
      "id": 20,
      "Indicator": "Suitable Process",
      "Red": 1,
      "Yellow": 8,
      "Green": 0,
      "Trend": "up"
    },
    {
      "id": 21,
      "Indicator": "Support",
      "Red": 1,
      "Yellow": 3,
      "Green": 5,
      "Trend": "-"
    },
    {
      "id": 22,
      "Indicator": "Teamwork",
      "Red": 0,
      "Yellow": 0,
      "Green": 8,
      "Trend": "up"
    }
  ],
  "Containers": [
    {
      "id": 23,
      "Indicator": "Delivering Value",
      "Red": 0,
      "Yellow": 0,
      "Green": 4,
      "Trend": "-"
    },
    {
      "id": 24,
      "Indicator": "Easy To Release",
      "Red": 0,
      "Yellow": 4,
      "Green": 0,
      "Trend": "-"
    },
    {
      "id": 25,
      "Indicator": "Fun",
      "Red": 0,
      "Yellow": 0,
      "Green": 4,
      "Trend": "-"
    },
    {
      "id": 26,
      "Indicator": "Health of Codebase",
      "Red": 0,
      "Yellow": 1,
      "Green": 3,
      "Trend": "up"
    },
    {
      "id": 27,
      "Indicator": "Learning",
      "Red": 0,
      "Yellow": 0,
      "Green": 4,
      "Trend": "-"
    },
    {
      "id": 28,
      "Indicator": "Mission",
      "Red": 0,
      "Yellow": 0,
      "Green": 4,
      "Trend": "-"
    },
    {
      "id": 29,
      "Indicator": "Pawns or Players",
      "Red": 0,
      "Yellow": 0,
      "Green": 4,
      "Trend": "-"
    },
    {
      "id": 30,
      "Indicator": "Speed",
      "Red": 0,
      "Yellow": 0,
      "Green": 4,
      "Trend": "-"
    },
    {
      "id": 31,
      "Indicator": "Suitable Process",
      "Red": 0,
      "Yellow": 0,
      "Green": 4,
      "Trend": "-"
    },
    {
      "id": 32,
      "Indicator": "Support",
      "Red": 0,
      "Yellow": 1,
      "Green": 3,
      "Trend": "-"
    },
    {
      "id": 33,
      "Indicator": "Teamwork",
      "Red": 0,
      "Yellow": 0,
      "Green": 4,
      "Trend": "-"
    }
  ],
  "Cloud - Green": [
    {
      "id": 34,
      "Indicator": "Delivering Value",
      "Red": 0,
      "Yellow": 1,
      "Green": 2,
      "Trend": ""
    },
    {
      "id": 35,
      "Indicator": "Easy To Release",
      "Red": 1,
      "Yellow": 0,
      "Green": 2,
      "Trend": ""
    },
    {
      "id": 36,
      "Indicator": "Fun",
      "Red": 0,
      "Yellow": 1,
      "Green": 2,
      "Trend": ""
    },
    {
      "id": 37,
      "Indicator": "Health of Codebase",
      "Red": 0,
      "Yellow": 2,
      "Green": 1,
      "Trend": ""
    },
    {
      "id": 38,
      "Indicator": "Learning",
      "Red": 0,
      "Yellow": 1,
      "Green": 2,
      "Trend": ""
    },
    {
      "id": 39,
      "Indicator": "Mission",
      "Red": 1,
      "Yellow": 1,
      "Green": 1,
      "Trend": ""
    },
    {
      "id": 40,
      "Indicator": "Pawns or Players",
      "Red": 1,
      "Yellow": 1,
      "Green": 2,
      "Trend": ""
    },
    {
      "id": 41,
      "Indicator": "Speed",
      "Red": 1,
      "Yellow": 2,
      "Green": 0,
      "Trend": ""
    },
    {
      "id": 42,
      "Indicator": "Suitable Process",
      "Red": 1,
      "Yellow": 2,
      "Green": 0,
      "Trend": ""
    },
    {
      "id": 43,
      "Indicator": "Support",
      "Red": 0,
      "Yellow": 0,
      "Green": 3,
      "Trend": ""
    },
    {
      "id": 44,
      "Indicator": "Teamwork",
      "Red": 0,
      "Yellow": 1,
      "Green": 2,
      "Trend": ""
    }
  ],
  "Cloud - Grapes": [
    {
      "id": 45,
      "Indicator": "Delivering Value",
      "Red": 0,
      "Yellow": 2,
      "Green": 4,
      "Trend": "-"
    },
    {
      "id": 46,
      "Indicator": "Easy To Release",
      "Red": 0,
      "Yellow": 5,
      "Green": 1,
      "Trend": "-"
    },
    {
      "id": 47,
      "Indicator": "Fun",
      "Red": 0,
      "Yellow": 3,
      "Green": 3,
      "Trend": "-"
    },
    {
      "id": 48,
      "Indicator": "Health of Codebase",
      "Red": 0,
      "Yellow": 4,
      "Green": 2,
      "Trend": "-"
    },
    {
      "id": 49,
      "Indicator": "Learning",
      "Red": 0,
      "Yellow": 3,
      "Green": 3,
      "Trend": "up"
    },
    {
      "id": 50,
      "Indicator": "Mission",
      "Red": 4,
      "Yellow": 1,
      "Green": 5,
      "Trend": "up"
    },
    {
      "id": 51,
      "Indicator": "Pawns or Players",
      "Red": 0,
      "Yellow": 3,
      "Green": 3,
      "Trend": "-"
    },
    {
      "id": 52,
      "Indicator": "Speed",
      "Red": 0,
      "Yellow": 4,
      "Green": 2,
      "Trend": "-"
    },
    {
      "id": 53,
      "Indicator": "Suitable Process",
      "Red": 0,
      "Yellow": 2,
      "Green": 4,
      "Trend": "-"
    },
    {
      "id": 54,
      "Indicator": "Support",
      "Red": 0,
      "Yellow": 4,
      "Green": 2,
      "Trend": "-"
    },
    {
      "id": 55,
      "Indicator": "Teamwork",
      "Red": 0,
      "Yellow": 1,
      "Green": 5,
      "Trend": "up"
    }
  ],
  "Cloud - Orange": [
    {
      "id": 56,
      "Indicator": "Delivering Value",
      "Red": 0,
      "Yellow": 3,
      "Green": 5,
      "Trend": ""
    },
    {
      "id": 57,
      "Indicator": "Easy To Release",
      "Red": 1,
      "Yellow": 4,
      "Green": 3,
      "Trend": ""
    },
    {
      "id": 58,
      "Indicator": "Fun",
      "Red": 0,
      "Yellow": 2,
      "Green": 6,
      "Trend": ""
    },
    {
      "id": 59,
      "Indicator": "Health of Codebase",
      "Red": 1,
      "Yellow": 5,
      "Green": 2,
      "Trend": ""
    },
    {
      "id": 60,
      "Indicator": "Learning",
      "Red": 1,
      "Yellow": 1,
      "Green": 6,
      "Trend": ""
    },
    {
      "id": 61,
      "Indicator": "Mission",
      "Red": 0,
      "Yellow": 3,
      "Green": 5,
      "Trend": ""
    },
    {
      "id": 62,
      "Indicator": "Pawns or Players",
      "Red": 0,
      "Yellow": 4,
      "Green": 4,
      "Trend": ""
    },
    {
      "id": 63,
      "Indicator": "Speed",
      "Red": 0,
      "Yellow": 5,
      "Green": 3,
      "Trend": ""
    },
    {
      "id": 64,
      "Indicator": "Suitable Process",
      "Red": 0,
      "Yellow": 1,
      "Green": 7,
      "Trend": ""
    },
    {
      "id": 65,
      "Indicator": "Support",
      "Red": 0,
      "Yellow": 1,
      "Green": 7,
      "Trend": ""
    },
    {
      "id": 66,
      "Indicator": "Teamwork",
      "Red": 0,
      "Yellow": 0,
      "Green": 8,
      "Trend": ""
    }
  ],
  "Machinery": [
    {
      "id": 67,
      "Indicator": "Delivering Value",
      "Red": 1,
      "Yellow": 6,
      "Green": 2,
      "Trend": "up"
    },
    {
      "id": 68,
      "Indicator": "Easy To Release",
      "Red": 0,
      "Yellow": 3,
      "Green": 6,
      "Trend": "up"
    },
    {
      "id": 69,
      "Indicator": "Fun",
      "Red": 0,
      "Yellow": 0,
      "Green": 9,
      "Trend": "up"
    },
    {
      "id": 70,
      "Indicator": "Health of Codebase",
      "Red": 0,
      "Yellow": 2,
      "Green": 7,
      "Trend": "-"
    },
    {
      "id": 71,
      "Indicator": "Learning",
      "Red": 0,
      "Yellow": 1,
      "Green": 8,
      "Trend": "-"
    },
    {
      "id": 72,
      "Indicator": "Mission",
      "Red": 4,
      "Yellow": 5,
      "Green": 0,
      "Trend": "-"
    },
    {
      "id": 73,
      "Indicator": "Pawns or Players",
      "Red": 0,
      "Yellow": 1,
      "Green": 8,
      "Trend": "-"
    },
    {
      "id": 74,
      "Indicator": "Speed",
      "Red": 0,
      "Yellow": 4,
      "Green": 5,
      "Trend": "-"
    },
    {
      "id": 75,
      "Indicator": "Suitable Process",
      "Red": 0,
      "Yellow": 0,
      "Green": 9,
      "Trend": "up"
    },
    {
      "id": 76,
      "Indicator": "Support",
      "Red": 0,
      "Yellow": 1,
      "Green": 8,
      "Trend": "-"
    },
    {
      "id": 77,
      "Indicator": "Teamwork",
      "Red": 0,
      "Yellow": 0,
      "Green": 9,
      "Trend": "-"
    }
  ],
  "YaST": [
    {
      "id": 78,
      "Indicator": "Delivering Value",
      "Red": 0,
      "Yellow": 5,
      "Green": 5,
      "Trend": ""
    },
    {
      "id": 79,
      "Indicator": "Easy To Release",
      "Red": 2,
      "Yellow": 3,
      "Green": 5,
      "Trend": ""
    },
    {
      "id": 80,
      "Indicator": "Fun",
      "Red": 1,
      "Yellow": 5,
      "Green": 4,
      "Trend": ""
    },
    {
      "id": 81,
      "Indicator": "Health of Codebase",
      "Red": 3,
      "Yellow": 4,
      "Green": 3,
      "Trend": ""
    },
    {
      "id": 82,
      "Indicator": "Learning",
      "Red": 1,
      "Yellow": 5,
      "Green": 4,
      "Trend": ""
    },
    {
      "id": 83,
      "Indicator": "Mission",
      "Red": 2,
      "Yellow": 3,
      "Green": 5,
      "Trend": ""
    },
    {
      "id": 84,
      "Indicator": "Pawns or Players",
      "Red": 2,
      "Yellow": 6,
      "Green": 2,
      "Trend": ""
    },
    {
      "id": 85,
      "Indicator": "Speed",
      "Red": 3,
      "Yellow": 6,
      "Green": 1,
      "Trend": ""
    },
    {
      "id": 86,
      "Indicator": "Suitable Process",
      "Red": 3,
      "Yellow": 5,
      "Green": 2,
      "Trend": ""
    },
    {
      "id": 87,
      "Indicator": "Support",
      "Red": 2,
      "Yellow": 3,
      "Green": 5,
      "Trend": ""
    },
    {
      "id": 88,
      "Indicator": "Teamwork",
      "Red": 0,
      "Yellow": 4,
      "Green": 6,
      "Trend": ""
    }
  ]
}